107-outputs,0LE5095
68-outputs,0ZS6477
79-outputs,PJH0957
74-outputs,PJC4903
76-outputs,PJF4224
19-outputs,JST2699
51-outputs,0KT3896
30-outputs,NYM7544
57-outputs,0UZ2I98
100-outputs,
14-outputs,JSC7486
23-outputs,NTD9247
82-outputs,PJI7589
81-outputs,PJI592I
50-outputs,0KS0078
69-outputs,0ZU2I04
108-outputs,0UH9I9I
11-outputs,
8-outputs,JPQ9870
97-outputs,PWF3266
9-outputs,JQS5683
42-outputs,0DJI599
4-outputs,GMT218Q
17-outputs,JSP7678
67-outputs,0ZR2224
75-outputs,
39-outputs,NZW2I97
105-outputs,0LC4728
103-outputs,NYYI7I0
25-outputs,NTK5785
91-outputs,PJV974I
13-outputs,JRVI942
37-outputs,NZP8292
38-outputs,NZU2673
29-outputs,NYL36I4
99-outputs,PYB6477
53-outputs,
43-outputs,0ELII45
65-outputs,0ZL23I8
112-outputs,0UW52I6
34-outputs,RZJ638I
104-outputs,0LB4809
27-outputs,ITV0498
55-outputs,0UPI442
73-outputs,PJB7392
94-outputs,EUT66S8
54-outputs,0UG6I57
15-outputs,JSG9648
45-outputs,0KL08I7
10-outputs,JQV5526
77-outputs,PJF5797
46-outputs,0YLI235
56-outputs,0UP9563
40-outputs,0CX4764
92-outputs,PJY5472
66-outputs,0ZP8I26
102-outputs,PAG52I9
83-outputs,PJJI406
93-outputs,BPJY8509
21-outputs,MXQI60I
22-outputs,MYX3I52
89-outputs,
60-outputs,0YJ9557
59-outputs,0VK3653
24-outputs,NTH05I8
33-outputs,NZF7823
5-outputs,HPM9B62
71-outputs,PAG52I9
115-outputs,
78-outputs,PJG0783
2-outputs,AZJ699I
44-outputs,0KK7448
85-outputs,PJK4867
95-outputs,
26-outputs,NT0I053
114-outputs,PJX572I
47-outputs,DKM0B44
6-outputs,
72-outputs,
52-outputs,0KV8004
109-outputs,
58-outputs,0VAI3I9
101-outputs,JIY4434
64-outputs,0ZK67I7
3-outputs,FBZ958I
12-outputs,JRK5336
31-outputs,NYZ0897
49-outputs,0KP7250
28-outputs,NY13834
7-outputs,J0G922I
110-outputs,0UN4297
70-outputs,0ZV6697
88-outputs,PJT4884
61-outputs,0ZC8400
48-outputs,0KM237I
90-outputs,PJU2853
62-outputs,0ZG3580
111-outputs,0UQ63I4
80-outputs,PJI5396
20-outputs,MTW5608
1-outputs,AY09034
41-outputs,0DC9387
32-outputs,NZF0384
116-outputs,
63-outputs,0ZK4620
113-outputs,
96-outputs,PWC0633
35-outputs,NZM5430
86-outputs,PJP2783
84-outputs,PJJ4965
87-outputs,PJP8208
18-outputs,JSQI4I3
106-outputs,0LC7676
36-outputs,NZ06276
16-outputs,JSK54I9
98-outputs,PXP8I72
